"","document","на","что","за","и","в","из","со","а","во","для","с","но","к","по","от","под","до","про","о","ко","над","без","при","об","через","из-за","из-под","Author"
"1","ГогольНВ_ВечераЧ1_1.txt",154,95,42,309,157,40,8,46,10,9,83,22,34,45,17,16,13,13,5,1,6,10,5,4,1,0,0,"ГогольНВ"
"2","ГогольНВ_ВечераЧ1_2.txt",179,158,71,413,233,40,8,53,7,6,119,53,42,56,45,12,15,14,15,2,4,8,11,7,5,1,0,"ГогольНВ"
"3","ГогольНВ_ВечераЧ1_3.txt",164,140,52,363,214,29,4,49,8,8,70,26,51,46,29,16,17,13,10,3,5,4,12,4,6,1,1,"ГогольНВ"
"4","ГогольНВ_ВечераЧ2_1.txt",172,160,42,370,211,50,7,60,10,13,105,47,50,38,21,17,10,9,9,3,6,12,11,10,4,0,0,"ГогольНВ"
"5","ГогольНВ_ВечераЧ2_2.txt",171,129,43,331,183,41,7,67,8,6,105,42,48,32,23,24,16,11,13,3,8,12,6,3,7,5,1,"ГогольНВ"
"6","ГогольНВ_ВечераЧ2_3.txt",176,85,52,481,198,32,7,77,9,5,93,49,32,51,41,8,16,12,16,2,16,12,9,3,4,3,0,"ГогольНВ"
"7","ГогольНВ_ВечераЧ2_4.txt",155,186,52,378,222,35,7,62,9,15,135,49,52,55,16,14,15,5,27,1,4,13,9,13,3,3,0,"ГогольНВ"
"8","ГогольНВ_Вий_0.txt",212,175,55,523,290,64,13,67,25,12,135,56,61,78,22,18,9,11,32,2,8,10,13,6,3,5,2,"ГогольНВ"
"9","ГогольНВ_ЗапискСумасш_0.txt",107,165,34,229,138,27,12,46,7,8,48,44,27,18,8,9,9,2,23,8,0,6,5,2,7,0,2,"ГогольНВ"
"10","ГогольНВ_КакПоссор_1.txt",116,109,43,223,125,23,6,35,4,9,89,22,39,24,14,16,7,2,12,1,1,7,11,8,4,3,0,"ГогольНВ"
"11","ГогольНВ_КакПоссор_2.txt",91,140,36,283,178,24,8,37,8,9,98,50,45,34,25,7,14,2,24,5,3,6,19,12,1,0,0,"ГогольНВ"
"12","ГогольНВ_МертвДуши1_1.txt",105,76,19,257,162,21,9,30,9,14,93,31,38,45,14,8,7,1,28,3,4,5,4,3,1,1,2,"ГогольНВ"
"13","ГогольНВ_МертвДуши1_10.txt",90,94,27,270,203,17,6,45,17,14,54,42,24,46,17,14,13,1,13,1,4,11,8,4,4,1,2,"ГогольНВ"
"14","ГогольНВ_МертвДуши1_2.txt",133,163,37,288,183,25,10,84,8,15,108,48,34,40,26,7,13,3,32,1,1,13,4,7,1,2,1,"ГогольНВ"
"15","ГогольНВ_МертвДуши1_3.txt",130,192,56,306,203,28,16,84,20,19,109,34,45,40,9,13,11,5,12,2,0,10,4,6,2,2,1,"ГогольНВ"
"16","ГогольНВ_МертвДуши1_4.txt",163,139,39,311,190,33,7,62,10,17,95,48,37,40,11,7,10,12,12,1,4,10,5,6,0,3,1,"ГогольНВ"
"17","ГогольНВ_МертвДуши1_5.txt",133,118,30,350,191,40,6,86,10,11,82,41,37,45,18,10,12,6,6,1,4,13,6,3,2,1,1,"ГогольНВ"
"18","ГогольНВ_МертвДуши1_6.txt",112,128,34,328,192,29,10,75,9,11,83,38,41,22,15,8,11,0,20,4,2,8,7,12,1,1,0,"ГогольНВ"
"19","ГогольНВ_МертвДуши1_7.txt",112,137,21,298,192,44,8,47,27,13,72,53,28,31,18,6,10,1,9,1,5,8,4,3,1,3,1,"ГогольНВ"
"20","ГогольНВ_МертвДуши1_8.txt",117,191,35,308,225,26,5,83,19,19,60,36,34,30,18,10,8,4,17,1,0,7,11,8,1,0,0,"ГогольНВ"
"21","ГогольНВ_МертвДуши1_9.txt",95,101,27,328,203,32,10,54,14,7,77,35,33,26,12,5,13,2,11,1,5,8,11,5,1,1,2,"ГогольНВ"
"22","ГогольНВ_МертвДуши2_1.txt",175,174,47,547,334,33,8,44,27,13,127,79,67,47,41,13,23,5,33,2,8,19,11,7,2,4,1,"ГогольНВ"
"23","ГогольНВ_МертвДуши2_10.txt",86,156,41,368,196,43,5,70,14,32,101,62,56,33,28,8,6,1,26,1,2,18,6,10,5,5,0,"ГогольНВ"
"24","ГогольНВ_МертвДуши2_2.txt",68,57,21,164,97,10,1,47,4,4,43,22,23,16,13,4,4,1,6,0,4,5,6,1,3,2,1,"ГогольНВ"
"25","ГогольНВ_МертвДуши2_3.txt",94,111,24,292,178,18,5,62,13,20,69,29,35,46,27,7,9,3,18,4,1,10,1,4,2,3,0,"ГогольНВ"
"26","ГогольНВ_МертвДуши2_4.txt",88,109,33,331,145,26,11,50,6,12,65,28,35,30,18,9,6,3,20,2,0,15,7,1,7,2,0,"ГогольНВ"
"27","ГогольНВ_МертвДуши2_5.txt",90,134,22,285,151,17,9,48,10,16,88,48,32,27,23,10,1,3,12,3,2,11,8,6,4,2,1,"ГогольНВ"
"28","ГогольНВ_МертвДуши2_6.txt",160,216,57,635,332,46,6,60,22,19,152,79,69,56,46,13,23,4,37,1,9,13,12,11,4,6,0,"ГогольНВ"
"29","ГогольНВ_МертвДуши2_7.txt",50,55,11,159,113,15,4,22,9,2,46,18,36,17,16,3,4,2,10,3,4,7,6,1,2,0,0,"ГогольНВ"
"30","ГогольНВ_МертвДуши2_8.txt",89,113,25,258,156,20,7,56,9,23,71,38,37,39,14,7,9,1,21,2,2,8,4,5,4,2,0,"ГогольНВ"
"31","ГогольНВ_МертвДуши2_9.txt",91,109,35,334,161,29,6,56,4,11,79,42,33,39,16,12,9,3,14,2,2,19,4,1,5,1,1,"ГогольНВ"
"32","ГогольНВ_НевскПросп_0.txt",203,133,41,437,269,34,12,25,19,15,144,99,64,43,30,16,20,7,50,2,10,20,24,9,4,1,1,"ГогольНВ"
"33","ГогольНВ_Нос_0.txt",115,144,35,301,207,22,11,38,14,14,89,64,38,41,11,10,9,5,18,4,1,14,13,6,1,1,1,"ГогольНВ"
"34","ГогольНВ_Портрет_1.txt",160,125,52,333,235,29,6,42,10,14,108,44,40,41,16,6,13,1,19,1,7,7,6,5,1,1,2,"ГогольНВ"
"35","ГогольНВ_Портрет_2.txt",107,102,30,377,264,38,4,16,21,20,92,52,44,24,35,4,17,2,28,2,4,19,10,7,0,1,3,"ГогольНВ"
"36","ГогольНВ_СтаросвПомещ_0.txt",122,95,38,306,158,20,5,26,8,13,83,51,29,35,15,8,11,0,17,4,8,8,4,7,1,1,0,"ГогольНВ"
"37","ГогольНВ_ТарБульб_1.txt",162,100,38,410,205,47,10,36,12,18,100,27,34,50,22,11,15,2,17,0,8,11,8,2,5,1,0,"ГогольНВ"
"38","ГогольНВ_ТарБульб_2.txt",121,97,23,318,151,32,7,48,6,9,62,27,29,49,24,16,6,4,5,2,4,8,6,0,1,3,1,"ГогольНВ"
"39","ГогольНВ_ТарБульб_3.txt",191,103,41,434,203,34,11,44,10,11,87,39,35,39,28,9,9,2,9,2,4,7,2,1,4,2,2,"ГогольНВ"
"40","ГогольНВ_ТарБульб_4.txt",141,89,60,454,174,38,4,82,6,8,70,49,28,42,17,10,10,5,8,0,5,9,6,1,8,1,1,"ГогольНВ"
"41","ГогольНВ_ТарБульб_5.txt",121,75,39,287,126,39,11,37,6,10,67,35,32,24,22,6,2,1,7,0,3,4,7,2,3,2,3,"ГогольНВ"
"42","ГогольНВ_Шинель_0.txt",174,208,47,450,260,32,7,71,12,25,115,67,63,55,19,10,16,3,20,1,4,17,12,10,6,3,1,"ГогольНВ"
"43","ГончаровИА_Обломов_1.txt",98,100,20,190,134,19,5,84,3,10,93,23,31,28,26,3,18,3,18,2,2,12,4,8,3,0,0,"ГончаровИА"
"44","ГончаровИА_Обломов_10.txt",107,151,20,307,212,11,6,72,8,9,103,47,44,28,39,0,7,4,18,1,4,14,4,1,1,0,0,"ГончаровИА"
"45","ГончаровИА_Обломов_11.txt",123,117,35,281,197,11,5,64,9,10,71,47,33,22,34,5,13,1,24,2,9,7,6,6,6,0,0,"ГончаровИА"
"46","ГончаровИА_Обломов_12.txt",78,86,22,144,77,7,4,46,2,2,60,14,25,11,20,2,7,1,8,1,2,4,2,0,1,0,0,"ГончаровИА"
"47","ГончаровИА_Обломов_13.txt",123,75,33,243,168,18,8,58,1,3,111,12,27,39,19,11,14,4,6,2,2,11,2,2,3,1,0,"ГончаровИА"
"48","ГончаровИА_Обломов_14.txt",104,125,29,202,133,27,8,92,3,9,80,19,42,24,14,6,10,3,16,1,0,7,7,9,1,1,0,"ГончаровИА"
"49","ГончаровИА_Обломов_15.txt",127,141,36,288,167,17,10,58,3,8,81,25,41,22,26,4,20,4,20,2,1,7,6,9,6,2,0,"ГончаровИА"
"50","ГончаровИА_Обломов_16.txt",134,133,37,348,215,21,13,98,9,13,107,43,42,29,18,10,20,2,21,1,4,12,3,5,5,3,0,"ГончаровИА"
"51","ГончаровИА_Обломов_17.txt",128,170,52,353,184,25,12,74,6,13,104,41,52,30,27,5,17,7,22,3,7,5,6,5,3,0,0,"ГончаровИА"
"52","ГончаровИА_Обломов_18.txt",130,154,49,258,145,22,13,80,4,12,117,57,40,22,29,4,20,1,34,1,3,7,2,7,6,0,0,"ГончаровИА"
"53","ГончаровИА_Обломов_19.txt",132,149,34,335,211,20,1,93,5,16,129,46,33,32,33,5,15,7,12,3,5,19,8,4,5,2,1,"ГончаровИА"
"54","ГончаровИА_Обломов_2.txt",106,143,28,275,158,17,11,106,3,4,88,27,41,24,20,2,15,3,28,4,3,9,3,7,3,0,0,"ГончаровИА"
"55","ГончаровИА_Обломов_20.txt",150,118,33,407,207,23,4,77,7,12,133,34,52,32,30,12,13,3,11,4,10,16,6,6,2,3,1,"ГончаровИА"
"56","ГончаровИА_Обломов_3.txt",148,113,44,411,238,26,11,94,3,14,123,53,71,35,51,10,22,1,28,8,7,13,12,6,1,1,0,"ГончаровИА"
"57","ГончаровИА_Обломов_4.txt",133,129,36,375,169,21,2,79,7,15,99,21,36,26,32,13,24,1,14,1,6,6,2,3,3,1,1,"ГончаровИА"
"58","ГончаровИА_Обломов_5.txt",130,92,47,505,257,38,10,88,9,7,113,31,69,58,67,11,29,0,33,0,12,15,6,5,5,1,1,"ГончаровИА"
"59","ГончаровИА_Обломов_6.txt",116,109,66,318,177,26,10,98,6,8,107,17,38,40,28,6,18,2,16,0,0,10,2,4,6,1,2,"ГончаровИА"
"60","ГончаровИА_Обломов_7.txt",104,105,34,257,164,21,9,84,1,12,98,15,32,23,22,8,12,1,15,3,2,8,1,4,7,0,0,"ГончаровИА"
"61","ГончаровИА_Обломов_8.txt",126,104,30,284,158,20,8,67,9,7,116,42,28,39,34,9,11,2,21,3,7,9,0,1,9,2,0,"ГончаровИА"
"62","ГончаровИА_Обломов_9.txt",104,93,21,235,153,8,8,62,7,9,105,28,34,30,26,5,8,4,16,1,1,6,4,1,1,1,0,"ГончаровИА"
"63","ГончаровИА_Обрыв_1.txt",162,127,38,416,197,30,10,120,9,8,140,50,50,30,49,12,22,2,32,3,2,21,7,7,4,1,0,"ГончаровИА"
"64","ГончаровИА_Обрыв_10.txt",58,108,26,208,149,8,1,64,2,6,58,19,25,20,19,5,4,2,10,2,2,14,1,0,14,2,0,"ГончаровИА"
"65","ГончаровИА_Обрыв_11.txt",143,109,30,337,201,17,6,73,8,7,101,36,43,39,37,5,12,4,17,3,7,13,6,3,4,2,1,"ГончаровИА"
"66","ГончаровИА_Обрыв_12.txt",77,107,39,208,102,22,12,100,4,3,73,18,44,25,19,8,11,1,10,1,3,8,1,0,5,3,0,"ГончаровИА"
"67","ГончаровИА_Обрыв_13.txt",128,99,34,285,162,23,10,90,4,8,92,30,42,32,46,8,16,4,16,0,3,11,2,4,15,3,4,"ГончаровИА"
"68","ГончаровИА_Обрыв_14.txt",117,96,29,268,157,23,5,63,4,7,85,32,49,18,36,7,11,3,21,5,4,4,3,5,0,0,0,"ГончаровИА"
"69","ГончаровИА_Обрыв_15.txt",109,131,42,344,158,23,10,96,4,9,118,51,72,28,61,5,18,7,26,5,7,4,6,7,3,0,0,"ГончаровИА"
"70","ГончаровИА_Обрыв_16.txt",85,87,27,219,103,13,5,60,10,9,70,27,39,14,48,5,12,3,7,5,2,14,3,3,3,0,0,"ГончаровИА"
"71","ГончаровИА_Обрыв_17.txt",89,128,43,248,102,15,6,98,7,8,87,22,40,20,34,4,11,11,21,0,2,8,1,2,2,0,2,"ГончаровИА"
"72","ГончаровИА_Обрыв_18.txt",104,91,34,261,182,25,8,57,6,2,117,31,47,28,27,5,12,6,10,1,5,2,4,1,3,1,2,"ГончаровИА"
"73","ГончаровИА_Обрыв_19.txt",78,98,43,205,104,9,9,78,3,3,49,27,43,15,18,4,21,3,24,0,3,8,2,2,6,1,1,"ГончаровИА"
"74","ГончаровИА_Обрыв_2.txt",187,142,59,672,380,39,12,167,15,13,157,70,75,73,66,10,32,2,35,0,10,12,10,7,15,0,0,"ГончаровИА"
"75","ГончаровИА_Обрыв_20.txt",87,102,32,268,114,18,8,73,7,3,68,35,48,17,22,5,15,0,10,4,0,11,3,3,7,3,0,"ГончаровИА"
"76","ГончаровИА_Обрыв_21.txt",82,65,23,151,90,13,2,62,4,3,51,10,21,20,19,6,7,1,6,3,3,2,3,0,5,2,0,"ГончаровИА"
"77","ГончаровИА_Обрыв_22.txt",126,114,48,366,149,21,11,97,10,12,95,28,63,33,43,8,15,2,17,8,12,8,6,1,2,1,1,"ГончаровИА"
"78","ГончаровИА_Обрыв_23.txt",128,176,70,437,207,22,16,113,5,12,126,31,69,19,48,4,10,3,23,2,10,10,3,1,12,3,1,"ГончаровИА"
"79","ГончаровИА_Обрыв_24.txt",143,99,35,311,165,29,12,45,3,17,112,34,60,34,47,9,19,1,26,4,2,8,5,7,4,2,0,"ГончаровИА"
"80","ГончаровИА_Обрыв_25.txt",159,130,43,411,181,34,13,82,6,20,120,43,64,20,52,5,11,2,11,5,11,5,2,1,8,1,1,"ГончаровИА"
"81","ГончаровИА_Обрыв_26.txt",135,157,45,361,151,23,7,76,11,18,129,49,60,17,57,7,13,9,11,4,10,15,7,1,3,1,0,"ГончаровИА"
"82","ГончаровИА_Обрыв_27.txt",157,102,45,451,220,34,2,45,4,5,110,51,77,35,38,8,17,5,17,2,6,7,1,0,3,4,0,"ГончаровИА"
"83","ГончаровИА_Обрыв_28.txt",141,105,49,368,187,23,21,61,16,10,119,38,49,31,45,5,19,3,30,3,13,11,9,4,5,1,0,"ГончаровИА"
"84","ГончаровИА_Обрыв_29.txt",117,162,39,391,189,27,10,97,7,12,128,44,51,22,51,4,16,5,32,5,6,9,2,3,6,1,0,"ГончаровИА"
"85","ГончаровИА_Обрыв_3.txt",122,112,33,365,266,22,11,71,6,11,102,58,51,31,25,4,9,1,22,2,2,14,3,6,8,1,1,"ГончаровИА"
"86","ГончаровИА_Обрыв_30.txt",111,122,41,382,206,26,8,81,10,15,109,28,46,22,46,6,13,7,26,3,5,9,2,7,7,1,0,"ГончаровИА"
"87","ГончаровИА_Обрыв_4.txt",176,128,47,460,238,27,15,93,9,15,115,48,49,38,51,12,19,3,27,1,3,18,6,2,3,1,1,"ГончаровИА"
"88","ГончаровИА_Обрыв_5.txt",110,125,42,292,129,26,7,73,8,14,88,41,30,29,16,6,16,0,17,2,9,6,3,7,4,2,0,"ГончаровИА"
"89","ГончаровИА_Обрыв_6.txt",71,88,32,184,87,17,5,82,4,9,65,8,24,14,13,2,6,3,2,0,5,9,1,2,4,0,1,"ГончаровИА"
"90","ГончаровИА_Обрыв_7.txt",149,109,54,376,209,34,9,69,6,12,127,31,43,34,23,6,11,3,18,0,14,6,1,1,4,3,2,"ГончаровИА"
"91","ГончаровИА_Обрыв_8.txt",108,97,41,305,142,35,3,92,5,12,97,19,50,26,25,11,16,4,19,4,3,5,4,2,4,1,0,"ГончаровИА"
"92","ГончаровИА_Обрыв_9.txt",121,123,25,289,160,18,7,68,7,1,82,33,45,37,19,11,16,5,15,5,12,9,6,3,3,0,1,"ГончаровИА"
"93","ГончаровИА_ОбыкнИстор_1.txt",125,139,40,372,181,21,9,92,6,16,124,30,41,41,35,4,18,1,19,5,2,14,5,2,5,1,2,"ГончаровИА"
"94","ГончаровИА_ОбыкнИстор_10.txt",131,133,35,312,159,19,7,86,13,13,125,45,42,34,35,15,15,1,29,5,6,7,4,5,6,2,1,"ГончаровИА"
"95","ГончаровИА_ОбыкнИстор_11.txt",96,167,38,295,121,19,8,106,9,5,75,20,31,22,35,5,17,2,8,4,3,5,6,2,7,2,0,"ГончаровИА"
"96","ГончаровИА_ОбыкнИстор_12.txt",139,149,36,324,188,22,6,82,6,30,107,34,41,37,45,9,21,1,23,7,7,9,7,4,0,1,0,"ГончаровИА"
"97","ГончаровИА_ОбыкнИстор_2.txt",102,157,36,339,147,18,10,135,6,16,76,28,48,29,27,6,17,2,22,7,2,28,7,6,6,1,0,"ГончаровИА"
"98","ГончаровИА_ОбыкнИстор_3.txt",63,98,20,235,105,15,5,78,3,7,90,19,30,10,16,5,5,7,38,5,5,9,5,1,5,1,0,"ГончаровИА"
"99","ГончаровИА_ОбыкнИстор_4.txt",123,106,33,338,162,20,5,102,5,9,91,27,40,33,28,7,22,6,27,2,3,12,8,4,5,2,0,"ГончаровИА"
"100","ГончаровИА_ОбыкнИстор_5.txt",98,110,32,245,138,13,12,60,3,9,107,33,47,18,35,4,18,1,35,7,0,7,4,2,6,1,0,"ГончаровИА"
"101","ГончаровИА_ОбыкнИстор_6.txt",65,137,34,227,124,19,9,105,4,22,96,42,27,18,32,3,19,2,46,2,7,11,4,6,4,1,0,"ГончаровИА"
"102","ГончаровИА_ОбыкнИстор_7.txt",69,145,34,262,129,23,8,96,6,12,70,35,43,19,32,5,15,2,42,3,11,10,12,8,0,0,0,"ГончаровИА"
"103","ГончаровИА_ОбыкнИстор_8.txt",116,183,43,374,196,24,13,105,9,26,116,59,45,38,36,11,16,6,42,4,5,17,11,11,5,2,2,"ГончаровИА"
"104","ГончаровИА_ОбыкнИстор_9.txt",81,156,41,282,144,23,9,97,4,15,97,36,54,22,29,4,13,2,32,5,5,13,3,6,4,0,0,"ГончаровИА"
"105","ДостоевскийФМ_БеднЛюди_1.txt",65,127,24,254,95,11,15,63,6,13,41,9,20,28,13,4,4,13,17,2,2,6,3,8,2,1,0,"ДостоевскийФМ"
"106","ДостоевскийФМ_БеднЛюди_2.txt",139,231,39,419,224,36,19,67,13,16,119,67,62,42,63,7,31,12,43,8,3,11,6,9,5,2,0,"ДостоевскийФМ"
"107","ДостоевскийФМ_БеднЛюди_3.txt",76,215,26,301,142,23,10,92,6,12,52,30,21,29,26,6,11,13,19,7,3,10,3,19,1,0,0,"ДостоевскийФМ"
"108","ДостоевскийФМ_БеднЛюди_4.txt",125,320,37,488,187,28,16,146,10,19,74,38,49,39,37,9,21,13,13,14,4,18,3,21,3,2,0,"ДостоевскийФМ"
"109","ДостоевскийФМ_БеднЛюди_5.txt",74,207,31,242,112,13,8,64,3,13,46,18,44,14,30,2,10,16,9,6,1,3,2,11,2,1,0,"ДостоевскийФМ"
"110","ДостоевскийФМ_БелНочи_1.txt",134,272,39,447,235,18,16,70,15,17,94,61,38,28,30,12,19,6,35,7,2,18,7,9,7,0,0,"ДостоевскийФМ"
"111","ДостоевскийФМ_БелНочи_2.txt",68,187,39,187,97,13,15,36,6,9,36,57,25,4,26,4,16,5,25,10,4,4,0,7,7,2,0,"ДостоевскийФМ"
"112","ДостоевскийФМ_Бесы_1.txt",139,203,61,699,429,51,17,90,21,15,175,150,91,65,42,21,50,7,83,5,4,25,18,13,8,2,0,"ДостоевскийФМ"
"113","ДостоевскийФМ_Бесы_10.txt",74,77,27,240,139,11,14,56,4,9,67,49,14,17,17,7,12,8,17,3,3,4,4,5,0,1,0,"ДостоевскийФМ"
"114","ДостоевскийФМ_Бесы_11.txt",87,119,25,255,159,23,7,42,8,9,92,45,47,34,25,5,18,8,44,5,0,12,6,5,1,1,0,"ДостоевскийФМ"
"115","ДостоевскийФМ_Бесы_12.txt",145,159,44,454,305,54,12,73,11,16,123,109,61,57,37,9,18,2,30,10,10,16,11,7,3,4,2,"ДостоевскийФМ"
"116","ДостоевскийФМ_Бесы_13.txt",60,122,34,272,153,29,8,69,5,11,70,59,25,25,21,7,11,6,27,0,2,7,3,8,3,5,1,"ДостоевскийФМ"
"117","ДостоевскийФМ_Бесы_14.txt",56,88,15,185,117,17,3,46,5,10,56,45,27,27,11,4,6,3,16,0,2,5,6,1,0,1,0,"ДостоевскийФМ"
"118","ДостоевскийФМ_Бесы_15.txt",54,111,21,256,120,25,9,58,6,10,64,56,35,27,21,6,13,6,18,5,1,7,2,2,0,4,2,"ДостоевскийФМ"
"119","ДостоевскийФМ_Бесы_16.txt",75,106,26,223,106,14,8,81,1,13,46,63,43,20,12,2,9,9,18,2,3,11,4,4,3,1,1,"ДостоевскийФМ"
"120","ДостоевскийФМ_Бесы_17.txt",127,184,51,406,214,45,13,60,9,18,145,86,55,31,21,5,28,4,32,4,5,15,13,6,4,0,0,"ДостоевскийФМ"
"121","ДостоевскийФМ_Бесы_18.txt",152,192,57,504,290,53,14,78,18,34,138,124,69,32,24,21,32,11,43,1,13,22,17,6,6,2,0,"ДостоевскийФМ"
"122","ДостоевскийФМ_Бесы_19.txt",130,162,33,394,241,46,16,82,10,23,112,95,59,37,30,6,23,4,38,4,3,22,19,5,4,2,2,"ДостоевскийФМ"
"123","ДостоевскийФМ_Бесы_2.txt",46,97,20,263,128,16,5,43,8,7,80,40,34,22,17,3,13,15,22,4,2,12,5,0,1,2,0,"ДостоевскийФМ"
"124","ДостоевскийФМ_Бесы_20.txt",76,151,37,311,156,31,6,91,11,14,71,65,34,24,29,5,16,13,22,4,6,11,10,6,5,3,0,"ДостоевскийФМ"
"125","ДостоевскийФМ_Бесы_21.txt",78,126,35,266,118,15,7,53,9,17,64,58,27,25,14,3,21,4,15,2,3,6,4,2,1,1,1,"ДостоевскийФМ"
"126","ДостоевскийФМ_Бесы_22.txt",52,68,16,177,103,8,3,42,3,4,36,45,27,14,12,3,7,6,33,4,2,13,2,2,4,2,0,"ДостоевскийФМ"
"127","ДостоевскийФМ_Бесы_23.txt",77,124,38,317,153,27,5,58,9,14,80,65,47,29,29,5,19,4,30,4,2,10,3,4,7,5,1,"ДостоевскийФМ"
"128","ДостоевскийФМ_Бесы_24.txt",67,120,35,262,137,20,9,47,3,13,55,43,28,13,12,2,12,5,15,0,1,6,0,3,7,2,0,"ДостоевскийФМ"
"129","ДостоевскийФМ_Бесы_25.txt",102,149,44,393,225,32,8,66,9,19,135,66,43,33,23,5,17,10,51,1,2,2,6,5,7,0,1,"ДостоевскийФМ"
"130","ДостоевскийФМ_Бесы_26.txt",83,159,29,372,213,29,11,52,14,18,91,64,49,37,33,5,17,7,46,1,0,11,10,8,5,1,1,"ДостоевскийФМ"
"131","ДостоевскийФМ_Бесы_27.txt",115,139,43,414,269,25,15,51,12,20,92,88,29,27,32,6,32,9,27,5,1,6,8,5,6,2,0,"ДостоевскийФМ"
"132","ДостоевскийФМ_Бесы_3.txt",142,216,68,516,219,30,18,142,10,23,157,98,55,49,57,10,33,13,56,4,2,16,21,14,2,3,2,"ДостоевскийФМ"
"133","ДостоевскийФМ_Бесы_4.txt",60,125,33,301,125,21,12,70,2,14,94,66,29,22,15,9,14,11,47,6,1,9,2,9,5,0,0,"ДостоевскийФМ"
"134","ДостоевскийФМ_Бесы_5.txt",126,137,28,371,195,17,7,76,11,15,123,58,57,31,27,7,13,8,28,9,3,10,6,3,1,1,3,"ДостоевскийФМ"
"135","ДостоевскийФМ_Бесы_6.txt",112,143,27,362,204,26,11,65,17,13,109,101,46,25,36,9,20,14,27,3,6,9,8,1,4,1,1,"ДостоевскийФМ"
"136","ДостоевскийФМ_Бесы_7.txt",106,203,31,417,213,21,16,91,13,14,126,113,75,53,30,11,21,11,45,3,7,17,9,11,11,6,0,"ДостоевскийФМ"
"137","ДостоевскийФМ_Бесы_8.txt",57,80,10,178,128,10,5,31,9,3,59,38,14,22,10,2,14,5,9,0,1,7,1,3,1,1,4,"ДостоевскийФМ"
"138","ДостоевскийФМ_Бесы_9.txt",72,137,26,242,142,21,8,49,8,17,67,45,33,42,18,6,21,9,25,2,1,12,2,6,2,0,1,"ДостоевскийФМ"
"139","ДостоевскийФМ_БратьяКарамаз_1.txt",143,242,46,616,347,76,14,109,14,29,135,96,94,62,46,11,33,13,54,3,6,16,9,9,3,4,2,"ДостоевскийФМ"
"140","ДостоевскийФМ_БратьяКарамаз_10.txt",124,175,51,409,221,36,14,103,16,17,94,75,51,21,43,2,13,14,24,8,2,8,8,6,0,4,0,"ДостоевскийФМ"
"141","ДостоевскийФМ_БратьяКарамаз_11.txt",62,135,27,290,119,17,12,92,12,5,65,51,30,12,15,2,13,8,14,3,1,12,3,4,3,0,0,"ДостоевскийФМ"
"142","ДостоевскийФМ_БратьяКарамаз_12.txt",106,169,29,455,211,21,14,79,15,37,85,79,44,32,26,4,38,16,40,2,3,10,8,13,2,6,0,"ДостоевскийФМ"
"143","ДостоевскийФМ_БратьяКарамаз_13.txt",138,274,46,742,299,32,26,134,27,47,144,118,86,45,39,7,29,11,34,4,5,14,6,9,0,1,0,"ДостоевскийФМ"
"144","ДостоевскийФМ_БратьяКарамаз_14.txt",154,197,50,730,316,38,8,142,35,23,120,93,59,32,52,3,32,7,37,16,8,19,6,9,3,2,1,"ДостоевскийФМ"
"145","ДостоевскийФМ_БратьяКарамаз_15.txt",119,165,42,724,237,41,11,120,16,22,73,90,51,34,46,5,27,11,55,8,10,13,9,4,4,2,2,"ДостоевскийФМ"
"146","ДостоевскийФМ_БратьяКарамаз_16.txt",104,132,35,421,179,29,9,101,11,14,85,71,62,23,24,10,17,7,15,6,8,10,5,6,1,1,1,"ДостоевскийФМ"
"147","ДостоевскийФМ_БратьяКарамаз_17.txt",138,194,59,506,273,30,19,83,16,21,152,107,67,33,41,10,36,5,49,4,9,7,7,11,7,4,0,"ДостоевскийФМ"
"148","ДостоевскийФМ_БратьяКарамаз_18.txt",85,66,17,255,165,22,9,48,2,3,75,41,47,22,18,3,8,11,12,2,5,4,0,3,1,0,1,"ДостоевскийФМ"
"149","ДостоевскийФМ_БратьяКарамаз_19.txt",60,64,30,220,103,21,7,45,13,2,63,29,27,7,7,1,13,11,11,3,2,6,2,1,2,1,1,"ДостоевскийФМ"
"150","ДостоевскийФМ_БратьяКарамаз_2.txt",35,67,16,186,84,19,6,48,6,10,48,26,32,14,13,1,13,6,8,1,1,3,5,0,3,0,0,"ДостоевскийФМ"
"151","ДостоевскийФМ_БратьяКарамаз_20.txt",78,58,35,191,84,13,3,58,1,5,64,20,23,5,15,2,9,6,5,3,0,0,0,2,2,4,1,"ДостоевскийФМ"
"152","ДостоевскийФМ_БратьяКарамаз_21.txt",68,42,24,199,95,6,8,54,6,6,46,29,20,7,15,3,6,3,9,2,1,3,1,0,1,1,2,"ДостоевскийФМ"
"153","ДостоевскийФМ_БратьяКарамаз_22.txt",119,167,35,438,240,27,12,78,10,4,84,93,88,29,30,6,21,4,33,3,2,7,10,4,1,6,0,"ДостоевскийФМ"
"154","ДостоевскийФМ_БратьяКарамаз_23.txt",56,99,27,266,121,12,9,61,7,15,56,42,39,14,20,5,13,8,20,2,1,9,0,1,4,1,0,"ДостоевскийФМ"
"155","ДостоевскийФМ_БратьяКарамаз_24.txt",61,106,16,239,104,16,6,66,4,15,46,38,26,19,23,8,7,5,12,1,1,6,6,5,0,0,0,"ДостоевскийФМ"
"156","ДостоевскийФМ_БратьяКарамаз_25.txt",78,157,12,287,138,21,7,70,7,11,80,44,34,13,32,8,18,7,33,4,3,8,13,5,1,2,0,"ДостоевскийФМ"
"157","ДостоевскийФМ_БратьяКарамаз_26.txt",85,128,27,305,144,23,15,97,13,10,117,63,34,23,35,4,21,11,21,0,5,13,8,4,8,0,1,"ДостоевскийФМ"
"158","ДостоевскийФМ_БратьяКарамаз_27.txt",95,157,26,349,136,23,10,91,6,24,104,71,54,24,24,8,13,12,24,4,1,4,3,4,7,2,0,"ДостоевскийФМ"
"159","ДостоевскийФМ_БратьяКарамаз_28.txt",71,113,27,249,115,19,7,62,6,8,69,26,40,14,19,1,12,11,22,4,2,9,3,18,1,1,0,"ДостоевскийФМ"
"160","ДостоевскийФМ_БратьяКарамаз_29.txt",52,136,33,302,96,10,8,110,4,5,36,34,37,12,19,5,3,32,11,9,2,2,2,8,0,0,0,"ДостоевскийФМ"
"161","ДостоевскийФМ_БратьяКарамаз_3.txt",145,153,36,514,207,29,7,87,14,15,92,73,65,38,44,3,14,2,56,3,6,8,4,10,2,2,0,"ДостоевскийФМ"
"162","ДостоевскийФМ_БратьяКарамаз_30.txt",53,121,31,199,110,13,4,86,10,9,58,30,30,12,14,8,16,21,21,5,3,17,1,10,2,1,1,"ДостоевскийФМ"
"163","ДостоевскийФМ_БратьяКарамаз_31.txt",85,141,15,246,153,11,11,62,9,7,63,34,31,32,24,3,13,23,13,2,2,6,0,12,1,1,0,"ДостоевскийФМ"
"164","ДостоевскийФМ_БратьяКарамаз_32.txt",91,123,21,260,159,7,8,90,11,9,56,31,39,13,20,11,11,6,10,4,0,8,4,12,3,1,2,"ДостоевскийФМ"
"165","ДостоевскийФМ_БратьяКарамаз_33.txt",105,158,33,374,207,16,9,107,18,14,76,79,47,28,31,3,15,15,19,3,5,13,7,6,1,1,0,"ДостоевскийФМ"
"166","ДостоевскийФМ_БратьяКарамаз_34.txt",144,272,41,556,296,43,26,81,18,27,128,98,71,47,44,5,37,22,67,5,6,14,15,16,1,8,0,"ДостоевскийФМ"
"167","ДостоевскийФМ_БратьяКарамаз_35.txt",130,226,46,555,282,35,14,88,10,32,86,103,74,46,46,7,30,17,55,5,8,13,10,15,3,3,2,"ДостоевскийФМ"
"168","ДостоевскийФМ_БратьяКарамаз_36.txt",70,130,18,321,205,16,3,73,6,27,48,66,36,21,27,5,17,12,26,2,4,4,10,12,4,2,3,"ДостоевскийФМ"
"169","ДостоевскийФМ_БратьяКарамаз_37.txt",92,162,34,439,231,27,4,102,11,18,69,110,30,43,20,3,25,7,50,1,8,5,14,7,4,1,0,"ДостоевскийФМ"
"170","ДостоевскийФМ_БратьяКарамаз_38.txt",99,138,46,327,129,23,8,63,12,12,93,79,38,9,22,3,17,10,20,1,9,4,5,11,2,4,0,"ДостоевскийФМ"
"171","ДостоевскийФМ_БратьяКарамаз_4.txt",99,135,40,348,169,19,9,89,3,7,76,66,41,29,27,5,16,11,17,1,3,7,6,6,4,1,0,"ДостоевскийФМ"
"172","ДостоевскийФМ_БратьяКарамаз_5.txt",147,189,45,584,291,41,12,127,15,16,140,109,72,49,44,5,21,5,27,8,3,5,12,9,13,3,0,"ДостоевскийФМ"
"173","ДостоевскийФМ_БратьяКарамаз_6.txt",84,129,29,284,149,14,5,87,10,9,56,47,26,32,17,6,10,11,12,3,1,6,3,7,2,0,1,"ДостоевскийФМ"
"174","ДостоевскийФМ_БратьяКарамаз_7.txt",67,78,32,185,97,16,2,44,11,12,43,24,36,12,20,0,13,6,13,6,3,1,5,2,2,1,0,"ДостоевскийФМ"
"175","ДостоевскийФМ_БратьяКарамаз_8.txt",116,132,28,406,196,27,8,82,10,7,79,66,38,23,27,5,23,5,30,5,3,2,7,3,1,2,1,"ДостоевскийФМ"
"176","ДостоевскийФМ_БратьяКарамаз_9.txt",70,84,33,207,125,16,13,65,4,9,58,41,17,11,16,0,7,7,16,5,3,6,1,0,2,0,0,"ДостоевскийФМ"
"177","ДостоевскийФМ_ВечнМуж_1.txt",121,118,26,393,171,22,5,45,13,7,95,86,38,27,18,2,31,9,15,6,4,4,6,11,7,2,2,"ДостоевскийФМ"
"178","ДостоевскийФМ_ВечнМуж_2.txt",73,108,15,350,203,20,8,62,4,24,80,67,34,24,16,6,17,3,12,5,4,12,21,12,11,3,0,"ДостоевскийФМ"
"179","ДостоевскийФМ_ВечнМуж_3.txt",97,161,31,369,162,23,9,76,14,14,95,59,47,25,22,1,20,13,18,3,3,8,15,10,8,3,1,"ДостоевскийФМ"
"180","ДостоевскийФМ_ВечнМуж_4.txt",112,146,37,421,178,26,11,72,13,21,103,59,63,24,20,8,14,5,19,1,3,12,8,7,7,2,0,"ДостоевскийФМ"
"181","ДостоевскийФМ_ВечнМуж_5.txt",83,128,33,304,141,13,6,56,9,7,78,57,41,22,32,4,21,5,11,3,3,8,5,14,8,2,1,"ДостоевскийФМ"
"182","ДостоевскийФМ_ВечнМуж_6.txt",93,125,33,360,175,29,6,58,11,18,89,74,42,21,31,6,15,5,14,6,4,6,4,11,10,1,0,"ДостоевскийФМ"
"183","ДостоевскийФМ_ГоспПрох_0.txt",126,258,47,528,201,35,7,93,14,20,117,76,53,38,36,19,20,7,27,0,2,16,12,5,3,1,2,"ДостоевскийФМ"
"184","ДостоевскийФМ_Двойник_1.txt",104,116,19,259,129,20,4,34,8,10,89,20,18,18,10,4,9,7,7,1,1,7,2,0,2,0,1,"ДостоевскийФМ"
"185","ДостоевскийФМ_Двойник_2.txt",188,194,43,465,248,21,16,69,10,20,131,53,44,46,49,7,28,7,23,1,5,11,3,2,2,1,0,"ДостоевскийФМ"
"186","ДостоевскийФМ_Двойник_3.txt",144,222,41,490,203,28,7,64,11,14,117,37,54,41,21,10,16,13,36,2,4,11,6,8,2,0,1,"ДостоевскийФМ"
"187","ДостоевскийФМ_Двойник_4.txt",67,107,25,303,108,14,4,42,14,4,61,17,30,32,20,2,18,5,5,1,1,3,3,1,3,2,1,"ДостоевскийФМ"
"188","ДостоевскийФМ_Двойник_5.txt",88,121,34,321,157,15,5,57,15,5,112,29,33,32,21,10,12,7,6,0,0,9,5,1,2,2,0,"ДостоевскийФМ"
"189","ДостоевскийФМ_Двойник_6.txt",103,120,47,366,173,17,5,63,9,4,83,29,47,32,38,9,8,7,17,1,4,9,6,4,1,2,1,"ДостоевскийФМ"
"190","ДостоевскийФМ_ДядюшкСон_1.txt",131,213,61,391,235,52,9,71,14,23,97,108,54,36,23,2,24,6,24,6,5,12,11,25,4,2,0,"ДостоевскийФМ"
"191","ДостоевскийФМ_ДядюшкСон_2.txt",128,179,76,293,192,24,14,73,11,28,111,99,38,31,35,8,19,7,24,4,2,8,11,14,7,2,0,"ДостоевскийФМ"
"192","ДостоевскийФМ_ДядюшкСон_3.txt",61,122,44,204,150,21,14,52,5,19,61,57,37,9,24,2,13,9,14,3,1,7,4,8,2,0,0,"ДостоевскийФМ"
"193","ДостоевскийФМ_ДядюшкСон_4.txt",58,120,21,205,111,14,3,49,18,9,74,35,31,8,30,5,17,7,13,2,1,5,7,2,2,0,0,"ДостоевскийФМ"
"194","ДостоевскийФМ_ДядюшкСон_5.txt",93,163,35,342,173,38,14,45,34,6,91,82,50,21,35,3,28,6,30,3,9,6,6,11,5,2,1,"ДостоевскийФМ"
"195","ДостоевскийФМ_ЗапискиИзМёртвД_1.txt",105,95,27,333,222,44,9,41,15,14,79,65,28,53,31,11,26,6,34,1,4,12,10,5,3,1,2,"ДостоевскийФМ"
"196","ДостоевскийФМ_ЗапискиИзМёртвД_10.txt",116,118,43,467,237,65,12,64,16,14,117,70,42,41,20,11,22,11,20,4,7,15,7,6,7,1,2,"ДостоевскийФМ"
"197","ДостоевскийФМ_ЗапискиИзМёртвД_11.txt",131,137,29,372,264,53,10,47,18,12,124,87,34,46,27,13,28,4,25,3,5,11,18,14,7,0,0,"ДостоевскийФМ"
"198","ДостоевскийФМ_ЗапискиИзМёртвД_12.txt",63,69,9,189,120,24,16,24,10,2,69,36,22,16,14,4,11,9,9,4,2,10,4,0,4,1,0,"ДостоевскийФМ"
"199","ДостоевскийФМ_ЗапискиИзМёртвД_2.txt",72,72,19,168,97,19,5,42,3,10,51,24,19,17,3,3,17,3,9,1,6,4,8,4,5,2,0,"ДостоевскийФМ"
"200","ДостоевскийФМ_ЗапискиИзМёртвД_3.txt",206,185,94,591,354,84,15,89,27,43,146,87,63,70,38,11,60,8,31,11,11,15,11,19,8,0,1,"ДостоевскийФМ"
"201","ДостоевскийФМ_ЗапискиИзМёртвД_4.txt",159,141,72,405,201,56,12,71,9,18,126,61,36,53,17,4,30,6,19,5,5,10,7,14,1,0,0,"ДостоевскийФМ"
"202","ДостоевскийФМ_ЗапискиИзМёртвД_5.txt",51,81,29,241,99,25,6,40,5,12,57,43,8,19,15,6,11,6,14,7,4,9,1,7,8,1,0,"ДостоевскийФМ"
"203","ДостоевскийФМ_ЗапискиИзМёртвД_6.txt",129,129,38,409,211,50,18,69,15,17,95,46,38,37,19,13,30,3,10,6,3,13,8,5,6,1,3,"ДостоевскийФМ"
"204","ДостоевскийФМ_ЗапискиИзМёртвД_7.txt",122,128,32,382,206,39,10,50,11,12,100,50,44,42,19,9,24,5,15,8,5,13,2,6,3,3,0,"ДостоевскийФМ"
"205","ДостоевскийФМ_ЗапискиИзМёртвД_8.txt",191,227,53,708,346,78,13,96,19,43,202,134,76,75,57,26,50,12,48,8,9,22,19,26,15,2,6,"ДостоевскийФМ"
"206","ДостоевскийФМ_ЗапискиИзМёртвД_9.txt",165,108,60,412,233,47,7,167,7,11,127,41,37,64,29,11,28,14,22,6,8,10,11,7,5,2,0,"ДостоевскийФМ"
"207","ДостоевскийФМ_ЗапискиИзПодп_1.txt",139,368,47,760,295,64,24,178,33,48,106,139,40,68,48,8,64,5,39,3,4,15,12,15,6,3,0,"ДостоевскийФМ"
"208","ДостоевскийФМ_ЗапискиИзПодп_2.txt",96,143,35,337,147,28,13,54,10,9,93,74,37,28,22,3,22,5,35,14,6,8,5,9,4,3,0,"ДостоевскийФМ"
"209","ДостоевскийФМ_ЗапискиИзПодп_3.txt",42,36,11,143,77,20,3,46,7,2,41,17,9,7,8,3,8,2,5,1,2,7,0,3,10,1,0,"ДостоевскийФМ"
"210","ДостоевскийФМ_ЗапискиИзПодп_4.txt",136,243,51,475,206,27,11,112,11,20,95,79,34,36,45,1,43,17,11,14,8,12,3,8,9,5,0,"ДостоевскийФМ"
"211","ДостоевскийФМ_ЗимнЗаписОЛетВпеч_1.txt",83,193,56,377,215,32,4,88,13,13,87,36,32,30,34,3,40,19,37,1,8,15,11,13,3,1,1,"ДостоевскийФМ"
"212","ДостоевскийФМ_ЗимнЗаписОЛетВпеч_2.txt",63,82,22,277,155,14,6,28,6,12,60,36,19,20,8,6,12,0,19,1,3,7,8,2,2,0,0,"ДостоевскийФМ"
"213","ДостоевскийФМ_ЗимнЗаписОЛетВпеч_3.txt",140,213,52,522,266,43,3,76,23,31,79,103,55,29,32,15,32,8,36,3,3,14,15,4,3,2,0,"ДостоевскийФМ"
"214","ДостоевскийФМ_Игрок_1.txt",135,256,43,448,180,24,22,61,23,54,103,80,40,32,34,3,35,6,34,8,3,9,17,14,2,4,0,"ДостоевскийФМ"
"215","ДостоевскийФМ_Игрок_2.txt",83,187,30,349,160,19,13,61,17,20,101,56,59,26,39,7,14,5,30,7,4,5,7,13,1,0,0,"ДостоевскийФМ"
"216","ДостоевскийФМ_Игрок_3.txt",105,103,27,340,148,24,13,65,9,7,83,58,39,37,17,1,16,2,19,7,1,12,15,4,0,1,1,"ДостоевскийФМ"
"217","ДостоевскийФМ_Игрок_4.txt",68,90,29,207,82,15,11,39,9,9,57,34,33,21,18,7,21,2,5,9,0,5,3,1,4,0,0,"ДостоевскийФМ"
"218","ДостоевскийФМ_Игрок_5.txt",87,109,22,253,122,7,8,23,11,8,77,50,40,16,15,6,17,1,39,7,4,10,5,3,2,0,0,"ДостоевскийФМ"
"219","ДостоевскийФМ_Игрок_6.txt",103,178,35,447,246,26,13,57,14,13,98,79,25,38,30,9,24,10,46,9,0,6,6,3,3,3,1,"ДостоевскийФМ"
"220","ДостоевскийФМ_Идиот_1.txt",63,98,29,327,159,22,4,95,13,3,91,34,39,37,17,5,17,10,14,1,1,14,5,9,2,4,1,"ДостоевскийФМ"
"221","ДостоевскийФМ_Идиот_10.txt",76,138,43,286,191,32,7,64,4,3,84,64,42,27,22,1,15,6,33,1,1,6,7,9,3,2,1,"ДостоевскийФМ"
"222","ДостоевскийФМ_Идиот_11.txt",82,107,35,300,138,26,6,40,6,7,67,35,38,25,10,5,10,7,8,4,2,7,8,4,0,1,1,"ДостоевскийФМ"
"223","ДостоевскийФМ_Идиот_12.txt",79,143,51,304,136,19,19,70,11,8,77,28,29,21,24,14,18,13,15,7,3,8,1,4,4,0,3,"ДостоевскийФМ"
"224","ДостоевскийФМ_Идиот_13.txt",102,128,31,317,181,15,11,44,13,15,99,49,42,37,22,6,17,5,32,2,1,11,9,11,2,1,1,"ДостоевскийФМ"
"225","ДостоевскийФМ_Идиот_14.txt",70,104,29,274,107,28,5,47,9,12,101,43,34,18,8,3,17,9,14,3,1,4,4,5,2,2,0,"ДостоевскийФМ"
"226","ДостоевскийФМ_Идиот_15.txt",52,162,24,285,164,21,8,44,7,16,62,67,22,40,26,3,26,7,12,2,2,14,10,2,0,3,0,"ДостоевскийФМ"
"227","ДостоевскийФМ_Идиот_16.txt",87,134,22,253,95,12,5,50,7,15,88,43,44,14,18,2,14,6,13,2,7,4,2,4,0,2,0,"ДостоевскийФМ"
"228","ДостоевскийФМ_Идиот_17.txt",59,146,22,259,132,16,5,50,6,12,93,70,43,27,24,6,21,5,25,1,0,5,6,8,1,1,0,"ДостоевскийФМ"
"229","ДостоевскийФМ_Идиот_18.txt",14,39,7,52,19,4,2,11,3,7,14,13,6,4,9,0,4,1,4,1,2,2,1,2,0,0,0,"ДостоевскийФМ"
"230","ДостоевскийФМ_Идиот_19.txt",145,211,51,531,239,42,11,68,18,17,109,102,54,50,39,8,26,25,36,3,5,11,18,12,0,4,0,"ДостоевскийФМ"
"231","ДостоевскийФМ_Идиот_2.txt",56,120,16,307,131,19,5,68,1,12,81,52,26,30,7,4,16,4,18,2,4,6,9,6,4,3,0,"ДостоевскийФМ"
"232","ДостоевскийФМ_Идиот_20.txt",153,312,49,613,285,32,8,87,13,22,157,119,67,48,37,17,39,19,29,10,15,22,9,12,4,5,0,"ДостоевскийФМ"
"233","ДостоевскийФМ_Идиот_21.txt",169,285,68,552,303,33,21,54,23,33,130,112,50,48,31,16,42,11,37,11,10,17,16,5,0,2,2,"ДостоевскийФМ"
"234","ДостоевскийФМ_Идиот_22.txt",62,172,25,224,119,11,8,45,2,14,72,41,21,6,13,0,13,9,36,5,6,8,4,11,0,1,0,"ДостоевскийФМ"
"235","ДостоевскийФМ_Идиот_23.txt",103,200,32,438,225,37,8,41,13,32,85,95,67,30,26,7,32,15,24,1,1,11,8,6,2,3,0,"ДостоевскийФМ"
"236","ДостоевскийФМ_Идиот_24.txt",78,164,26,345,171,18,11,71,10,20,101,67,37,18,13,10,25,9,29,4,0,7,9,2,0,1,3,"ДостоевскийФМ"
"237","ДостоевскийФМ_Идиот_25.txt",86,160,31,356,170,15,9,41,10,14,93,82,33,24,21,3,17,3,33,2,4,8,3,4,1,2,0,"ДостоевскийФМ"
"238","ДостоевскийФМ_Идиот_26.txt",39,143,26,236,107,10,8,53,8,13,73,43,24,11,22,4,18,11,29,0,1,3,5,9,2,2,0,"ДостоевскийФМ"
"239","ДостоевскийФМ_Идиот_27.txt",100,195,51,546,241,32,14,60,15,14,135,103,66,42,52,6,29,9,41,3,3,16,10,15,5,2,0,"ДостоевскийФМ"
"240","ДостоевскийФМ_Идиот_28.txt",122,249,47,540,283,30,12,65,19,30,128,93,75,51,53,6,32,15,58,8,6,14,13,11,1,0,0,"ДостоевскийФМ"
"241","ДостоевскийФМ_Идиот_29.txt",119,148,38,420,221,30,6,45,15,6,111,56,78,40,22,4,18,10,28,3,3,4,12,6,10,1,1,"ДостоевскийФМ"
"242","ДостоевскийФМ_Идиот_3.txt",68,153,30,340,165,20,5,47,9,6,74,44,33,27,14,4,15,4,21,1,4,9,9,13,0,1,0,"ДостоевскийФМ"
"243","ДостоевскийФМ_Идиот_4.txt",94,160,40,357,134,20,14,73,8,14,85,57,31,17,27,5,18,21,17,7,1,7,2,2,8,2,0,"ДостоевскийФМ"
"244","ДостоевскийФМ_Идиот_5.txt",67,73,15,234,116,17,4,32,4,8,71,47,33,17,18,3,10,10,26,4,1,13,2,2,2,1,0,"ДостоевскийФМ"
"245","ДостоевскийФМ_Идиот_6.txt",79,75,22,242,153,21,5,41,10,8,74,60,25,28,17,2,12,6,20,3,2,14,4,2,4,3,0,"ДостоевскийФМ"
"246","ДостоевскийФМ_Идиот_7.txt",61,113,39,290,108,15,6,59,5,4,81,44,35,16,9,3,21,7,12,1,2,6,4,3,2,0,0,"ДостоевскийФМ"
"247","ДостоевскийФМ_Идиот_8.txt",60,125,18,296,111,23,1,60,7,14,48,52,24,22,22,1,14,7,21,1,1,11,9,3,0,1,0,"ДостоевскийФМ"
"248","ДостоевскийФМ_Идиот_9.txt",82,127,33,316,166,20,7,51,9,11,95,59,39,24,18,2,18,12,8,2,0,13,10,0,1,2,0,"ДостоевскийФМ"
"249","ДостоевскийФМ_Крокодил_0.txt",107,164,47,502,298,51,17,108,13,27,126,83,60,41,32,7,25,7,37,6,3,19,10,10,5,1,1,"ДостоевскийФМ"
"250","ДостоевскийФМ_Кроткая_0.txt",173,325,48,699,324,49,11,152,16,31,119,145,56,27,38,10,24,26,70,15,8,22,10,17,8,3,1,"ДостоевскийФМ"
"251","ДостоевскийФМ_МалГерой_0.txt",211,223,56,601,274,50,21,36,12,22,134,117,63,58,75,8,41,8,16,8,3,13,19,6,16,1,1,"ДостоевскийФМ"
"252","ДостоевскийФМ_НеточкаНезв_1.txt",224,433,78,704,399,47,28,54,24,31,206,133,81,59,55,8,47,6,54,6,13,17,15,17,5,2,1,"ДостоевскийФМ"
"253","ДостоевскийФМ_НеточкаНезв_2.txt",139,166,52,411,253,37,30,28,22,18,102,73,55,20,36,6,18,4,18,11,3,9,5,2,7,0,1,"ДостоевскийФМ"
"254","ДостоевскийФМ_НеточкаНезв_3.txt",57,87,28,185,90,9,15,21,13,3,58,42,22,17,29,0,13,3,8,8,5,4,2,2,6,0,0,"ДостоевскийФМ"
"255","ДостоевскийФМ_НеточкаНезв_4.txt",89,110,37,207,97,11,15,45,13,6,43,58,42,18,47,2,28,9,9,10,2,6,1,1,2,0,1,"ДостоевскийФМ"
"256","ДостоевскийФМ_НеточкаНезв_5.txt",174,315,84,572,379,43,37,35,37,26,183,111,97,31,84,9,47,7,66,10,7,13,10,6,9,3,0,"ДостоевскийФМ"
"257","ДостоевскийФМ_НеточкаНезв_6.txt",86,94,23,147,95,14,4,11,9,6,42,50,17,8,40,0,6,0,13,9,7,6,4,4,5,2,0,"ДостоевскийФМ"
"258","ДостоевскийФМ_Подросток_1.txt",39,86,14,149,85,13,4,30,3,18,57,29,7,17,7,2,20,3,15,1,2,8,9,7,2,1,0,"ДостоевскийФМ"
"259","ДостоевскийФМ_Подросток_10.txt",78,182,25,294,158,13,7,78,5,17,73,66,35,19,19,1,22,10,36,7,2,7,6,14,1,7,0,"ДостоевскийФМ"
"260","ДостоевскийФМ_Подросток_11.txt",118,237,49,541,221,19,19,95,16,19,118,123,51,29,31,5,26,9,48,11,2,12,12,14,4,2,0,"ДостоевскийФМ"
"261","ДостоевскийФМ_Подросток_12.txt",67,148,27,307,129,25,6,78,9,18,63,70,37,17,7,5,13,10,16,9,0,11,7,14,5,0,0,"ДостоевскийФМ"
"262","ДостоевскийФМ_Подросток_13.txt",207,311,66,812,380,39,22,183,22,23,190,149,83,59,53,6,24,24,69,19,3,21,14,21,7,5,1,"ДостоевскийФМ"
"263","ДостоевскийФМ_Подросток_14.txt",191,302,62,847,360,59,19,216,24,20,195,147,111,55,59,7,46,13,80,29,15,26,14,23,10,3,0,"ДостоевскийФМ"
"264","ДостоевскийФМ_Подросток_15.txt",78,143,39,355,127,21,7,102,18,5,100,60,39,18,25,2,14,5,11,8,2,8,5,7,2,8,1,"ДостоевскийФМ"
"265","ДостоевскийФМ_Подросток_16.txt",91,231,59,544,243,24,10,89,17,22,108,116,40,25,29,9,26,20,58,3,4,14,6,19,3,2,0,"ДостоевскийФМ"
"266","ДостоевскийФМ_Подросток_17.txt",75,138,22,326,167,15,9,72,7,16,94,71,48,17,24,2,19,17,47,7,3,7,6,7,8,0,0,"ДостоевскийФМ"
"267","ДостоевскийФМ_Подросток_18.txt",171,326,78,672,297,42,16,127,15,23,181,163,115,27,42,4,27,7,67,16,4,23,19,20,20,1,0,"ДостоевскийФМ"
"268","ДостоевскийФМ_Подросток_19.txt",54,128,29,329,166,25,3,57,11,16,90,112,48,23,19,2,13,12,31,4,3,15,7,9,6,1,0,"ДостоевскийФМ"
"269","ДостоевскийФМ_Подросток_2.txt",149,285,49,575,368,67,19,116,22,28,181,138,63,52,41,3,26,12,44,15,3,12,19,24,6,2,0,"ДостоевскийФМ"
"270","ДостоевскийФМ_Подросток_3.txt",155,298,58,689,368,55,9,129,14,36,165,145,79,55,59,14,45,12,41,9,4,21,25,16,13,4,0,"ДостоевскийФМ"
"271","ДостоевскийФМ_Подросток_4.txt",54,88,18,213,133,21,3,44,10,2,54,39,15,16,16,2,16,12,9,5,1,8,3,5,1,3,0,"ДостоевскийФМ"
"272","ДостоевскийФМ_Подросток_5.txt",82,184,14,342,174,26,15,78,14,23,84,71,38,22,15,4,22,15,28,6,3,12,5,6,7,1,0,"ДостоевскийФМ"
"273","ДостоевскийФМ_Подросток_6.txt",118,236,47,460,214,35,8,98,7,8,100,101,55,49,36,2,22,19,41,7,5,10,9,5,6,9,1,"ДостоевскийФМ"
"274","ДостоевскийФМ_Подросток_7.txt",142,223,31,556,252,30,19,119,26,10,128,96,60,34,38,3,22,28,28,9,5,17,12,9,6,5,0,"ДостоевскийФМ"
"275","ДостоевскийФМ_Подросток_8.txt",82,177,36,416,182,30,11,90,11,5,81,112,55,25,21,5,29,11,44,9,2,14,8,17,1,3,1,"ДостоевскийФМ"
"276","ДостоевскийФМ_Подросток_9.txt",83,225,36,400,173,19,10,87,16,20,99,109,38,16,22,8,15,18,45,8,3,15,6,18,1,0,0,"ДостоевскийФМ"
"277","ДостоевскийФМ_Ползунков_0.txt",59,90,27,129,92,13,10,62,9,5,46,14,20,17,13,5,6,1,3,0,9,2,1,3,0,0,0,"ДостоевскийФМ"
"278","ДостоевскийФМ_ПрестНаказ_1.txt",226,267,77,901,388,46,16,173,18,21,190,124,77,74,61,19,40,6,44,5,2,26,21,8,13,1,1,"ДостоевскийФМ"
"279","ДостоевскийФМ_ПрестНаказ_10.txt",77,106,18,233,108,8,5,56,4,3,61,26,30,18,14,1,16,7,16,3,1,5,5,9,0,1,0,"ДостоевскийФМ"
"280","ДостоевскийФМ_ПрестНаказ_11.txt",84,129,22,333,149,22,6,74,10,17,60,42,29,31,7,2,17,7,9,1,2,7,5,6,8,2,2,"ДостоевскийФМ"
"281","ДостоевскийФМ_ПрестНаказ_12.txt",71,144,21,307,153,14,4,83,11,10,80,38,26,23,13,2,7,12,11,2,2,11,9,11,6,1,0,"ДостоевскийФМ"
"282","ДостоевскийФМ_ПрестНаказ_13.txt",68,117,24,289,118,13,14,53,9,12,71,31,39,21,25,1,17,8,17,4,2,3,10,9,5,0,1,"ДостоевскийФМ"
"283","ДостоевскийФМ_ПрестНаказ_14.txt",103,163,27,447,171,13,6,94,12,15,95,36,38,40,32,2,15,14,26,1,7,5,10,10,9,0,1,"ДостоевскийФМ"
"284","ДостоевскийФМ_ПрестНаказ_15.txt",96,119,39,312,147,20,4,58,7,8,84,55,41,22,23,4,21,13,21,2,0,1,8,8,3,1,1,"ДостоевскийФМ"
"285","ДостоевскийФМ_ПрестНаказ_16.txt",172,322,36,624,291,41,25,110,22,32,146,80,69,55,38,3,24,10,55,4,3,12,25,19,9,2,0,"ДостоевскийФМ"
"286","ДостоевскийФМ_ПрестНаказ_17.txt",93,129,23,298,104,12,4,58,3,16,67,36,39,11,12,4,6,9,20,3,2,8,1,0,11,2,0,"ДостоевскийФМ"
"287","ДостоевскийФМ_ПрестНаказ_18.txt",123,188,45,463,198,26,15,109,14,12,118,54,48,30,34,8,22,13,32,6,3,9,2,2,2,0,0,"ДостоевскийФМ"
"288","ДостоевскийФМ_ПрестНаказ_19.txt",132,210,36,434,196,17,12,113,19,17,88,60,40,31,26,1,30,10,30,6,7,13,8,12,4,0,0,"ДостоевскийФМ"
"289","ДостоевскийФМ_ПрестНаказ_2.txt",148,106,28,505,217,41,13,69,19,12,109,83,60,51,29,12,21,5,14,2,9,16,8,4,6,1,2,"ДостоевскийФМ"
"290","ДостоевскийФМ_ПрестНаказ_20.txt",132,141,29,451,203,31,16,83,10,12,88,80,49,47,33,20,22,12,17,5,6,8,2,12,6,1,2,"ДостоевскийФМ"
"291","ДостоевскийФМ_ПрестНаказ_21.txt",152,207,35,503,263,35,12,55,19,17,109,92,63,39,29,17,34,6,55,2,6,4,12,20,6,2,0,"ДостоевскийФМ"
"292","ДостоевскийФМ_ПрестНаказ_3.txt",139,148,21,425,205,30,8,66,12,1,115,80,42,29,24,18,24,3,7,1,4,10,3,4,3,2,1,"ДостоевскийФМ"
"293","ДостоевскийФМ_ПрестНаказ_4.txt",101,128,28,387,145,14,12,79,11,7,94,52,39,33,22,8,26,6,10,2,4,6,4,10,9,3,0,"ДостоевскийФМ"
"294","ДостоевскийФМ_ПрестНаказ_5.txt",119,137,36,386,148,19,8,141,6,6,110,34,47,37,21,8,11,13,24,4,0,11,6,4,3,1,2,"ДостоевскийФМ"
"295","ДостоевскийФМ_ПрестНаказ_6.txt",77,85,13,210,112,20,4,76,3,4,58,21,21,21,14,5,12,11,11,1,1,5,5,6,6,1,0,"ДостоевскийФМ"
"296","ДостоевскийФМ_ПрестНаказ_7.txt",103,74,36,265,153,21,9,54,3,4,92,34,35,20,13,9,15,5,13,3,4,5,6,5,7,1,1,"ДостоевскийФМ"
"297","ДостоевскийФМ_ПрестНаказ_8.txt",101,160,31,380,143,11,4,104,8,12,87,59,54,19,21,3,26,7,20,1,2,7,10,7,13,0,0,"ДостоевскийФМ"
"298","ДостоевскийФМ_ПрестНаказ_9.txt",80,133,26,270,96,14,9,67,9,9,79,31,25,15,17,1,14,10,18,1,1,5,9,12,5,2,0,"ДостоевскийФМ"
"299","ДостоевскийФМ_СелоСтеп_1.txt",143,213,49,462,254,62,11,107,18,19,140,59,54,47,42,8,27,10,26,8,10,11,21,1,5,11,2,"ДостоевскийФМ"
"300","ДостоевскийФМ_СелоСтеп_2.txt",128,158,38,343,133,30,10,99,15,16,107,55,44,30,28,2,17,18,12,10,0,11,8,4,0,0,0,"ДостоевскийФМ"
"301","ДостоевскийФМ_СелоСтеп_3.txt",79,173,47,274,168,26,20,81,12,19,102,58,31,15,34,4,26,10,20,5,3,2,8,6,1,4,0,"ДостоевскийФМ"
"302","ДостоевскийФМ_СелоСтеп_4.txt",64,123,37,211,111,19,6,69,8,21,70,66,18,20,29,0,17,8,8,4,2,12,2,8,0,2,0,"ДостоевскийФМ"
"303","ДостоевскийФМ_СелоСтеп_5.txt",97,204,30,320,148,19,9,87,9,25,113,61,35,16,23,3,18,2,21,6,3,9,10,10,8,3,1,"ДостоевскийФМ"
"304","ДостоевскийФМ_СелоСтеп_6.txt",87,112,39,256,148,18,11,64,13,9,98,42,27,19,23,9,17,8,22,5,2,12,4,5,1,4,1,"ДостоевскийФМ"
"305","ДостоевскийФМ_СелоСтеп_7.txt",71,77,34,271,116,22,4,39,6,5,67,36,28,16,23,6,11,7,20,2,3,11,3,3,3,1,0,"ДостоевскийФМ"
"306","ДостоевскийФМ_СелоСтеп_8.txt",102,161,54,434,217,36,8,77,21,18,107,73,48,22,30,2,25,17,33,7,4,10,7,9,9,4,0,"ДостоевскийФМ"
"307","ДостоевскийФМ_СквернАнекдот_1.txt",76,95,17,278,137,18,3,53,3,14,74,56,31,20,17,7,19,9,14,0,3,6,2,4,5,1,0,"ДостоевскийФМ"
"308","ДостоевскийФМ_СквернАнекдот_2.txt",177,195,54,506,242,37,14,60,14,26,124,96,54,27,18,14,40,19,24,2,6,9,9,9,9,2,1,"ДостоевскийФМ"
"309","ДостоевскийФМ_СлабСердце_0.txt",184,309,71,464,223,38,25,87,12,20,116,66,74,30,55,9,16,13,20,1,8,6,3,23,10,3,0,"ДостоевскийФМ"
"310","ДостоевскийФМ_УнижОскорбл_1.txt",181,254,74,622,313,58,23,126,18,19,164,83,82,31,65,7,41,24,49,11,7,16,12,19,11,4,1,"ДостоевскийФМ"
"311","ДостоевскийФМ_УнижОскорбл_10.txt",76,212,34,374,136,24,20,98,12,17,128,79,36,14,26,3,25,14,32,7,1,6,2,23,2,2,0,"ДостоевскийФМ"
"312","ДостоевскийФМ_УнижОскорбл_11.txt",93,144,34,418,140,12,19,56,17,19,93,82,29,11,31,3,26,4,22,12,8,14,11,11,5,1,1,"ДостоевскийФМ"
"313","ДостоевскийФМ_УнижОскорбл_12.txt",108,198,31,380,155,24,18,64,5,10,76,68,80,35,29,5,18,9,37,19,3,18,8,9,3,3,1,"ДостоевскийФМ"
"314","ДостоевскийФМ_УнижОскорбл_13.txt",127,157,38,507,134,16,9,119,5,3,84,52,64,23,23,1,15,13,17,4,3,8,1,5,6,0,0,"ДостоевскийФМ"
"315","ДостоевскийФМ_УнижОскорбл_14.txt",102,190,40,508,162,16,11,65,12,3,98,62,72,22,25,4,22,9,39,9,8,8,9,14,5,0,0,"ДостоевскийФМ"
"316","ДостоевскийФМ_УнижОскорбл_15.txt",67,158,34,246,115,15,5,58,5,17,66,40,36,22,23,3,17,3,12,2,6,0,0,5,11,0,0,"ДостоевскийФМ"
"317","ДостоевскийФМ_УнижОскорбл_2.txt",134,207,33,456,171,23,16,111,7,14,90,61,50,21,49,3,23,15,16,10,3,8,14,8,7,3,1,"ДостоевскийФМ"
"318","ДостоевскийФМ_УнижОскорбл_3.txt",81,162,24,272,100,19,14,51,5,11,81,45,36,13,37,1,16,7,15,5,2,13,3,18,2,3,0,"ДостоевскийФМ"
"319","ДостоевскийФМ_УнижОскорбл_4.txt",68,165,19,310,136,16,10,62,9,12,101,79,51,15,26,4,15,19,19,6,5,8,3,5,4,0,0,"ДостоевскийФМ"
"320","ДостоевскийФМ_УнижОскорбл_5.txt",96,116,34,290,163,17,11,100,7,7,84,57,39,39,21,3,7,8,16,9,5,11,3,12,8,2,0,"ДостоевскийФМ"
"321","ДостоевскийФМ_УнижОскорбл_6.txt",100,144,27,272,144,14,12,65,11,8,83,51,65,24,20,3,15,7,7,14,0,6,4,6,4,1,1,"ДостоевскийФМ"
"322","ДостоевскийФМ_УнижОскорбл_7.txt",111,156,23,327,120,12,17,70,12,10,77,71,45,14,28,3,20,4,21,11,2,6,5,6,3,0,0,"ДостоевскийФМ"
"323","ДостоевскийФМ_УнижОскорбл_8.txt",92,181,25,293,106,10,10,53,15,20,99,54,47,18,33,2,16,8,35,7,4,9,4,12,5,2,1,"ДостоевскийФМ"
"324","ДостоевскийФМ_УнижОскорбл_9.txt",73,187,35,369,140,6,10,106,11,25,109,70,54,32,28,4,17,10,33,11,1,16,3,18,7,2,0,"ДостоевскийФМ"
"325","ДостоевскийФМ_Хозяйка_1.txt",145,139,46,437,249,34,8,23,15,8,102,77,62,50,32,10,12,11,17,0,7,11,3,4,12,1,6,"ДостоевскийФМ"
"326","ДостоевскийФМ_Хозяйка_2.txt",241,202,71,520,286,44,17,108,15,9,164,74,75,44,44,6,39,21,21,4,15,11,5,8,10,0,1,"ДостоевскийФМ"
"327","ДостоевскийФМ_ЧужЖенаИМуж_0.txt",105,277,43,276,244,27,19,103,10,6,105,132,41,41,31,27,16,9,22,1,4,10,2,3,0,1,5,"ДостоевскийФМ"
"328","ТолстойЛН_АннаКар_1.txt",113,171,28,397,209,37,9,50,7,25,123,76,52,23,25,2,13,4,29,2,3,3,8,6,2,3,1,"ТолстойЛН"
"329","ТолстойЛН_АннаКар_10.txt",99,170,35,368,144,10,11,46,7,29,98,68,67,35,18,13,9,3,25,0,5,6,5,6,2,2,2,"ТолстойЛН"
"330","ТолстойЛН_АннаКар_11.txt",164,225,62,646,301,40,14,50,6,61,145,99,84,47,47,12,15,4,57,2,6,13,14,11,7,1,1,"ТолстойЛН"
"331","ТолстойЛН_АннаКар_12.txt",137,299,47,538,226,26,6,38,11,48,104,127,96,36,32,7,17,5,33,4,3,18,16,9,1,1,3,"ТолстойЛН"
"332","ТолстойЛН_АннаКар_13.txt",144,287,45,534,225,25,17,62,7,31,146,118,76,40,32,11,17,9,34,1,3,8,19,10,3,4,0,"ТолстойЛН"
"333","ТолстойЛН_АннаКар_14.txt",98,161,27,343,149,23,5,26,8,15,83,82,56,23,15,7,13,5,31,6,2,4,8,10,4,1,0,"ТолстойЛН"
"334","ТолстойЛН_АннаКар_15.txt",85,194,31,415,169,9,7,33,13,16,105,80,69,33,19,2,9,8,45,0,1,13,7,9,1,5,2,"ТолстойЛН"
"335","ТолстойЛН_АннаКар_16.txt",115,224,39,441,172,27,5,30,14,15,121,99,57,24,32,2,9,4,30,1,12,11,8,10,6,1,0,"ТолстойЛН"
"336","ТолстойЛН_АннаКар_17.txt",129,190,28,446,203,23,10,46,15,15,95,52,60,27,26,4,11,4,45,2,4,11,8,5,4,1,2,"ТолстойЛН"
"337","ТолстойЛН_АннаКар_18.txt",158,335,55,693,289,39,8,48,11,54,159,136,92,31,55,12,10,12,79,4,7,12,16,12,2,3,0,"ТолстойЛН"
"338","ТолстойЛН_АннаКар_19.txt",124,202,37,442,229,29,8,32,18,44,105,106,82,22,47,4,8,7,76,4,7,8,5,9,6,0,0,"ТолстойЛН"
"339","ТолстойЛН_АннаКар_2.txt",99,181,24,336,148,22,12,47,7,26,101,83,49,27,21,3,11,4,44,3,7,4,6,6,3,1,1,"ТолстойЛН"
"340","ТолстойЛН_АннаКар_20.txt",124,180,38,398,211,22,14,34,9,23,121,82,72,26,23,2,10,3,28,4,3,4,13,8,4,4,0,"ТолстойЛН"
"341","ТолстойЛН_АннаКар_21.txt",93,147,40,282,113,7,4,52,7,21,106,66,40,27,23,3,7,8,27,2,3,8,3,7,2,2,3,"ТолстойЛН"
"342","ТолстойЛН_АннаКар_22.txt",115,134,46,395,152,33,11,49,6,11,96,67,61,34,26,6,12,5,24,1,9,11,5,2,0,2,8,"ТолстойЛН"
"343","ТолстойЛН_АннаКар_23.txt",132,162,41,396,190,28,5,57,5,25,111,93,52,29,31,3,12,14,35,3,2,4,4,4,4,3,1,"ТолстойЛН"
"344","ТолстойЛН_АннаКар_24.txt",113,202,40,452,217,32,19,55,15,35,105,108,68,42,23,7,8,15,44,2,3,12,9,11,0,2,0,"ТолстойЛН"
"345","ТолстойЛН_АннаКар_25.txt",123,192,50,333,196,26,12,54,10,26,106,80,60,26,18,4,15,4,40,3,3,13,10,11,2,2,0,"ТолстойЛН"
"346","ТолстойЛН_АннаКар_26.txt",96,175,42,401,189,24,12,37,7,15,96,86,78,24,19,5,4,16,51,3,2,1,5,5,5,4,1,"ТолстойЛН"
"347","ТолстойЛН_АннаКар_27.txt",113,165,35,428,175,22,4,36,10,26,101,87,66,20,34,2,13,9,48,2,4,7,10,9,6,3,0,"ТолстойЛН"
"348","ТолстойЛН_АннаКар_28.txt",103,165,23,334,171,20,11,39,7,25,77,74,81,18,27,0,8,9,33,3,6,10,7,5,0,0,0,"ТолстойЛН"
"349","ТолстойЛН_АннаКар_29.txt",160,205,37,530,246,23,8,55,19,44,139,86,69,28,41,8,11,4,56,1,8,14,13,9,2,3,3,"ТолстойЛН"
"350","ТолстойЛН_АннаКар_3.txt",85,151,25,318,132,11,6,46,7,12,92,75,54,17,21,3,7,6,37,4,2,2,7,1,4,2,1,"ТолстойЛН"
"351","ТолстойЛН_АннаКар_30.txt",126,173,19,431,192,27,10,79,11,53,121,58,55,26,28,7,13,2,41,0,5,10,15,11,4,1,2,"ТолстойЛН"
"352","ТолстойЛН_АннаКар_4.txt",136,174,37,461,197,34,5,58,8,22,118,71,70,12,23,9,11,7,40,2,3,10,4,5,5,0,0,"ТолстойЛН"
"353","ТолстойЛН_АннаКар_5.txt",116,215,42,489,203,28,9,44,9,14,113,84,77,20,17,4,15,4,50,2,3,5,10,9,2,3,0,"ТолстойЛН"
"354","ТолстойЛН_АннаКар_6.txt",111,207,39,445,182,24,5,32,12,30,104,97,49,30,30,3,9,12,47,0,12,9,6,10,1,1,1,"ТолстойЛН"
"355","ТолстойЛН_АннаКар_7.txt",127,123,44,364,130,20,8,85,2,19,84,53,37,30,14,5,5,5,28,5,9,6,1,1,7,7,0,"ТолстойЛН"
"356","ТолстойЛН_АннаКар_8.txt",164,184,50,482,191,31,17,41,10,30,129,96,88,32,28,9,11,9,49,3,8,7,8,13,5,3,2,"ТолстойЛН"
"357","ТолстойЛН_АннаКар_9.txt",92,179,33,371,165,13,13,25,10,17,123,90,64,27,18,9,8,6,36,2,6,7,8,4,2,0,1,"ТолстойЛН"
"358","ТолстойЛН_ВойнаМир_1.txt",66,78,27,261,127,10,4,33,6,15,67,38,45,19,16,0,2,6,18,1,1,4,9,3,3,3,0,"ТолстойЛН"
"359","ТолстойЛН_ВойнаМир_10.txt",140,94,35,339,153,23,8,34,13,12,83,42,58,35,26,14,7,5,15,2,11,3,10,4,4,1,2,"ТолстойЛН"
"360","ТолстойЛН_ВойнаМир_11.txt",97,86,14,238,146,22,16,32,3,7,80,25,55,26,29,4,12,0,21,1,3,8,5,4,2,3,2,"ТолстойЛН"
"361","ТолстойЛН_ВойнаМир_12.txt",148,132,42,456,209,40,12,30,12,7,119,42,77,39,46,16,14,9,11,3,8,7,5,2,11,11,5,"ТолстойЛН"
"362","ТолстойЛН_ВойнаМир_13.txt",87,155,23,340,170,18,17,28,3,26,95,49,53,19,27,4,9,7,35,0,5,3,12,8,11,1,0,"ТолстойЛН"
"363","ТолстойЛН_ВойнаМир_14.txt",124,125,37,387,153,17,4,51,9,21,105,44,75,16,30,6,14,8,38,5,7,11,13,7,8,1,1,"ТолстойЛН"
"364","ТолстойЛН_ВойнаМир_15.txt",106,120,43,417,213,19,3,24,10,16,111,46,72,23,24,14,20,11,40,5,5,6,12,7,3,3,1,"ТолстойЛН"
"365","ТолстойЛН_ВойнаМир_16.txt",147,127,29,399,213,34,9,37,8,19,105,58,69,59,39,8,12,3,17,0,9,5,10,0,2,2,0,"ТолстойЛН"
"366","ТолстойЛН_ВойнаМир_17.txt",90,62,18,241,111,17,2,20,6,9,58,33,46,28,16,10,6,1,11,0,8,0,4,7,4,0,0,"ТолстойЛН"
"367","ТолстойЛН_ВойнаМир_18.txt",119,157,39,462,220,28,8,31,10,18,118,56,59,24,29,7,18,13,21,3,2,8,13,7,7,2,0,"ТолстойЛН"
"368","ТолстойЛН_ВойнаМир_19.txt",146,113,38,361,173,29,13,28,10,17,110,49,47,23,23,6,15,10,16,1,4,4,3,7,12,1,1,"ТолстойЛН"
"369","ТолстойЛН_ВойнаМир_2.txt",88,97,29,261,112,16,7,19,5,9,80,43,48,14,12,2,7,3,14,3,0,8,3,0,2,1,0,"ТолстойЛН"
"370","ТолстойЛН_ВойнаМир_20.txt",85,102,26,296,167,23,6,26,6,17,86,43,35,19,26,1,6,2,27,3,4,2,2,2,7,1,0,"ТолстойЛН"
"371","ТолстойЛН_ВойнаМир_21.txt",133,170,30,451,237,36,7,65,20,40,108,54,77,43,44,7,15,8,57,1,6,6,11,6,5,2,0,"ТолстойЛН"
"372","ТолстойЛН_ВойнаМир_22.txt",124,139,31,357,203,31,7,63,9,13,102,40,66,27,27,7,7,6,26,2,5,2,4,6,6,0,1,"ТолстойЛН"
"373","ТолстойЛН_ВойнаМир_23.txt",87,83,21,298,174,32,6,20,17,17,89,34,56,28,16,3,12,7,24,1,4,5,7,4,3,0,3,"ТолстойЛН"
"374","ТолстойЛН_ВойнаМир_24.txt",140,196,35,544,329,40,9,40,19,34,147,61,75,45,37,12,10,6,65,12,13,10,11,7,4,2,0,"ТолстойЛН"
"375","ТолстойЛН_ВойнаМир_25.txt",151,116,29,392,203,30,3,43,3,23,122,41,65,35,28,6,8,7,42,2,3,10,4,7,9,5,2,"ТолстойЛН"
"376","ТолстойЛН_ВойнаМир_26.txt",104,136,30,380,153,16,10,19,7,39,123,63,71,18,15,5,5,8,51,2,5,9,12,12,4,0,0,"ТолстойЛН"
"377","ТолстойЛН_ВойнаМир_27.txt",140,134,36,407,176,20,6,36,8,11,140,43,70,48,32,7,11,7,25,3,8,11,6,2,11,10,6,"ТолстойЛН"
"378","ТолстойЛН_ВойнаМир_28.txt",103,131,28,401,198,32,9,56,6,17,124,35,42,24,23,5,5,4,17,2,3,4,2,2,7,3,0,"ТолстойЛН"
"379","ТолстойЛН_ВойнаМир_29.txt",106,156,43,393,231,25,9,44,10,27,122,48,73,28,34,9,16,4,38,6,4,7,8,5,4,0,2,"ТолстойЛН"
"380","ТолстойЛН_ВойнаМир_3.txt",79,83,23,224,113,24,2,30,1,15,72,30,52,10,22,2,12,6,10,5,1,4,2,0,3,2,4,"ТолстойЛН"
"381","ТолстойЛН_ВойнаМир_30.txt",169,189,48,542,266,30,7,38,13,16,182,40,102,26,35,7,11,18,43,4,5,6,6,8,3,1,0,"ТолстойЛН"
"382","ТолстойЛН_ВойнаМир_31.txt",80,117,30,239,106,20,3,31,5,6,83,34,50,23,22,5,8,8,6,1,2,2,0,3,6,0,0,"ТолстойЛН"
"383","ТолстойЛН_ВойнаМир_32.txt",73,106,15,251,132,22,8,18,4,33,72,44,46,25,23,4,5,5,33,0,3,10,5,10,3,3,0,"ТолстойЛН"
"384","ТолстойЛН_ВойнаМир_33.txt",166,198,45,469,291,47,4,49,9,48,123,71,98,50,41,10,12,5,48,1,6,9,25,8,10,2,1,"ТолстойЛН"
"385","ТолстойЛН_ВойнаМир_34.txt",183,248,64,693,373,60,11,45,20,56,149,83,72,62,54,22,16,6,68,2,5,12,16,10,11,2,3,"ТолстойЛН"
"386","ТолстойЛН_ВойнаМир_35.txt",80,125,24,276,166,26,13,29,6,28,79,61,51,24,33,9,15,0,29,0,4,4,13,5,1,3,0,"ТолстойЛН"
"387","ТолстойЛН_ВойнаМир_36.txt",127,87,40,362,200,33,2,24,4,15,120,37,72,51,22,14,11,11,34,1,8,1,9,7,8,2,3,"ТолстойЛН"
"388","ТолстойЛН_ВойнаМир_37.txt",116,199,28,428,229,40,12,30,6,21,99,58,79,29,37,22,10,1,50,2,5,8,6,12,5,1,0,"ТолстойЛН"
"389","ТолстойЛН_ВойнаМир_38.txt",125,154,45,374,159,36,3,45,9,21,102,37,65,21,27,7,8,7,34,2,6,2,11,4,5,2,1,"ТолстойЛН"
"390","ТолстойЛН_ВойнаМир_39.txt",161,117,30,311,164,29,7,43,8,36,91,31,72,39,29,19,11,4,15,1,4,3,11,5,10,1,2,"ТолстойЛН"
"391","ТолстойЛН_ВойнаМир_4.txt",84,102,25,297,104,14,1,37,5,9,98,33,40,22,17,4,5,2,18,2,1,4,5,4,8,4,1,"ТолстойЛН"
"392","ТолстойЛН_ВойнаМир_40.txt",113,146,31,395,177,25,5,55,13,23,97,39,49,53,34,14,10,6,32,1,4,10,11,2,7,2,0,"ТолстойЛН"
"393","ТолстойЛН_ВойнаМир_41.txt",181,122,30,387,194,35,8,29,14,8,122,48,71,37,39,18,11,1,23,1,6,5,2,1,6,3,1,"ТолстойЛН"
"394","ТолстойЛН_ВойнаМир_42.txt",129,116,21,320,166,28,4,35,10,35,69,50,38,20,28,15,17,2,35,0,6,11,12,4,2,0,0,"ТолстойЛН"
"395","ТолстойЛН_ВойнаМир_43.txt",138,177,25,374,243,39,5,57,13,23,114,59,56,24,39,12,19,4,30,0,7,6,9,4,4,2,3,"ТолстойЛН"
"396","ТолстойЛН_ВойнаМир_44.txt",133,121,38,327,176,38,8,24,9,15,99,33,52,29,18,5,10,3,22,1,0,1,11,4,3,0,0,"ТолстойЛН"
"397","ТолстойЛН_ВойнаМир_45.txt",137,113,33,367,205,40,5,31,10,21,116,46,64,44,32,6,22,1,27,2,9,9,3,3,6,3,2,"ТолстойЛН"
"398","ТолстойЛН_ВойнаМир_46.txt",127,107,30,386,217,33,2,47,13,16,96,50,55,25,38,11,14,2,25,3,8,7,12,4,8,3,2,"ТолстойЛН"
"399","ТолстойЛН_ВойнаМир_47.txt",108,77,27,285,143,27,3,17,6,17,75,58,46,24,30,11,4,0,14,1,7,3,8,1,6,5,4,"ТолстойЛН"
"400","ТолстойЛН_ВойнаМир_48.txt",79,129,30,293,177,18,3,38,18,26,78,51,37,18,31,2,12,9,75,2,4,6,9,17,2,3,0,"ТолстойЛН"
"401","ТолстойЛН_ВойнаМир_49.txt",142,198,34,466,253,40,9,28,13,34,137,84,73,34,38,6,9,2,40,2,8,3,8,1,6,2,1,"ТолстойЛН"
"402","ТолстойЛН_ВойнаМир_5.txt",133,109,36,335,159,19,5,62,10,12,105,42,53,25,20,12,16,3,18,3,10,5,9,2,5,6,1,"ТолстойЛН"
"403","ТолстойЛН_ВойнаМир_50.txt",69,155,28,274,146,18,1,22,13,23,64,64,50,26,42,5,9,2,32,0,6,11,9,4,2,0,0,"ТолстойЛН"
"404","ТолстойЛН_ВойнаМир_51.txt",137,150,29,509,259,56,8,43,17,33,123,49,65,55,30,10,19,6,49,1,1,11,10,6,12,3,0,"ТолстойЛН"
"405","ТолстойЛН_ВойнаМир_52.txt",108,135,21,373,212,41,7,29,12,27,111,49,60,48,59,24,15,4,28,0,4,8,17,7,3,0,2,"ТолстойЛН"
"406","ТолстойЛН_ВойнаМир_53.txt",87,107,24,291,164,24,6,39,9,5,99,26,56,23,22,12,10,10,18,2,3,2,8,3,4,4,1,"ТолстойЛН"
"407","ТолстойЛН_ВойнаМир_54.txt",123,114,31,414,196,39,6,27,9,20,95,53,50,39,57,11,17,1,45,0,8,12,12,8,5,1,0,"ТолстойЛН"
"408","ТолстойЛН_ВойнаМир_55.txt",93,132,36,335,198,26,11,38,11,18,85,36,60,28,33,14,18,10,27,0,4,12,5,1,3,2,0,"ТолстойЛН"
"409","ТолстойЛН_ВойнаМир_56.txt",108,158,24,355,220,31,9,22,15,27,101,55,47,17,28,5,8,21,52,2,5,10,11,3,7,1,1,"ТолстойЛН"
"410","ТолстойЛН_ВойнаМир_57.txt",104,162,42,371,223,18,5,35,19,44,96,70,47,25,28,1,14,2,41,4,6,18,7,5,6,0,0,"ТолстойЛН"
"411","ТолстойЛН_ВойнаМир_58.txt",109,164,37,434,217,28,6,36,6,39,125,63,52,38,27,6,11,3,50,2,3,7,15,7,4,4,0,"ТолстойЛН"
"412","ТолстойЛН_ВойнаМир_59.txt",121,210,23,428,169,32,4,51,16,35,82,69,53,27,19,9,20,2,61,2,3,11,7,7,1,0,0,"ТолстойЛН"
"413","ТолстойЛН_ВойнаМир_6.txt",77,88,23,261,139,22,2,34,8,16,63,22,44,19,12,0,3,3,11,0,3,5,4,5,2,3,3,"ТолстойЛН"
"414","ТолстойЛН_ВойнаМир_60.txt",95,182,15,405,249,36,4,36,31,65,75,61,65,52,58,6,17,0,77,4,0,30,14,6,3,0,0,"ТолстойЛН"
"415","ТолстойЛН_ВойнаМир_7.txt",28,55,11,89,53,7,2,9,1,14,13,20,13,4,9,3,9,2,23,0,2,2,4,2,1,0,0,"ТолстойЛН"
"416","ТолстойЛН_ВойнаМир_8.txt",68,76,14,218,114,23,5,32,5,7,76,22,50,23,29,5,7,2,13,0,2,3,8,3,5,1,0,"ТолстойЛН"
"417","ТолстойЛН_ВойнаМир_9.txt",59,60,25,176,78,13,4,39,1,4,52,12,30,13,12,12,6,3,4,0,4,1,7,2,5,4,2,"ТолстойЛН"
"418","ТолстойЛН_Воскр_1.txt",136,118,46,502,234,35,6,32,7,21,141,42,49,35,38,11,14,2,30,0,10,8,9,9,12,3,1,"ТолстойЛН"
"419","ТолстойЛН_Воскр_10.txt",96,94,48,293,174,21,5,65,5,14,96,25,39,35,14,5,9,4,19,0,2,4,3,4,2,2,1,"ТолстойЛН"
"420","ТолстойЛН_Воскр_11.txt",101,142,30,352,168,25,0,73,7,19,80,33,27,39,18,2,8,2,23,1,6,5,5,2,2,5,0,"ТолстойЛН"
"421","ТолстойЛН_Воскр_12.txt",73,131,21,313,174,22,4,52,10,20,62,42,49,29,27,2,10,6,21,0,4,3,1,8,2,0,0,"ТолстойЛН"
"422","ТолстойЛН_Воскр_13.txt",79,125,42,279,182,16,2,41,6,16,84,37,44,38,21,2,5,4,37,0,1,7,6,7,0,0,1,"ТолстойЛН"
"423","ТолстойЛН_Воскр_14.txt",94,185,38,429,211,16,1,53,13,28,99,45,42,26,39,10,4,14,40,5,1,11,10,11,4,2,0,"ТолстойЛН"
"424","ТолстойЛН_Воскр_15.txt",81,152,30,318,162,26,3,40,4,19,87,48,46,20,18,5,10,7,26,2,6,3,6,5,1,0,0,"ТолстойЛН"
"425","ТолстойЛН_Воскр_16.txt",122,71,44,349,146,26,1,25,9,8,107,40,68,29,24,11,9,2,14,0,7,8,1,2,3,1,0,"ТолстойЛН"
"426","ТолстойЛН_Воскр_17.txt",169,205,41,524,250,45,3,84,15,19,205,71,85,36,45,9,21,14,22,10,6,15,16,5,4,3,2,"ТолстойЛН"
"427","ТолстойЛН_Воскр_18.txt",88,98,40,367,206,27,5,55,12,22,103,38,66,23,16,7,6,9,18,2,3,5,7,4,5,3,1,"ТолстойЛН"
"428","ТолстойЛН_Воскр_19.txt",113,118,29,358,150,25,11,39,2,11,67,38,33,27,26,7,7,3,15,0,3,2,6,5,1,1,0,"ТолстойЛН"
"429","ТолстойЛН_Воскр_2.txt",61,65,18,237,139,19,4,29,5,12,67,32,26,26,18,6,3,0,15,1,2,1,11,3,0,0,0,"ТолстойЛН"
"430","ТолстойЛН_Воскр_20.txt",70,135,34,356,153,18,4,38,11,16,87,31,34,31,23,2,6,1,38,0,2,2,7,5,2,1,1,"ТолстойЛН"
"431","ТолстойЛН_Воскр_3.txt",123,134,18,465,218,31,5,24,5,22,120,57,66,27,38,6,8,8,24,2,4,6,11,7,6,4,0,"ТолстойЛН"
"432","ТолстойЛН_Воскр_4.txt",99,131,21,278,151,16,1,31,4,8,53,41,34,33,13,4,4,2,27,1,0,18,5,5,2,0,0,"ТолстойЛН"
"433","ТолстойЛН_Воскр_5.txt",104,134,46,408,175,33,5,43,5,16,145,44,64,19,16,8,11,7,15,3,4,11,7,6,4,5,0,"ТолстойЛН"
"434","ТолстойЛН_Воскр_6.txt",121,162,45,450,218,35,9,66,11,22,117,59,47,27,21,6,17,7,23,0,7,8,4,5,3,5,1,"ТолстойЛН"
"435","ТолстойЛН_Воскр_7.txt",85,99,23,327,167,23,6,41,3,17,103,44,65,29,18,3,4,2,25,3,2,3,10,2,5,0,3,"ТолстойЛН"
"436","ТолстойЛН_Воскр_8.txt",57,81,13,196,107,18,4,48,1,10,68,25,40,17,11,2,5,4,6,0,3,3,3,0,1,3,0,"ТолстойЛН"
"437","ТолстойЛН_Воскр_9.txt",55,102,33,291,156,19,2,33,7,10,87,24,49,14,12,4,6,8,23,0,1,4,0,2,4,3,0,"ТолстойЛН"
"438","ТолстойЛН_Детство_1.txt",139,111,36,314,148,27,7,36,7,13,98,31,37,38,23,7,7,1,29,5,6,9,6,5,3,1,5,"ТолстойЛН"
"439","ТолстойЛН_Детство_2.txt",153,106,36,374,188,34,7,18,10,13,111,56,43,29,27,11,11,1,22,2,6,5,1,2,7,2,2,"ТолстойЛН"
"440","ТолстойЛН_Детство_3.txt",147,167,47,358,183,23,11,33,13,14,126,50,46,25,27,11,18,1,26,6,5,3,10,5,4,1,6,"ТолстойЛН"
"441","ТолстойЛН_Детство_4.txt",132,149,33,363,165,27,10,38,10,19,90,55,45,23,28,10,13,4,28,7,4,14,6,3,7,1,1,"ТолстойЛН"
"442","ТолстойЛН_Отроч_1.txt",136,114,29,409,176,25,7,38,17,9,112,50,45,44,28,15,20,1,9,2,6,8,7,4,4,3,3,"ТолстойЛН"
"443","ТолстойЛН_Отроч_2.txt",123,160,42,335,175,15,16,28,10,15,68,60,40,27,25,10,9,8,22,16,4,8,1,4,2,1,0,"ТолстойЛН"
"444","ТолстойЛН_Отроч_3.txt",109,186,52,359,231,15,13,60,22,17,112,56,48,25,24,7,22,2,50,3,1,5,11,2,5,0,0,"ТолстойЛН"
"445","ТолстойЛН_СмертИИ_1.txt",127,189,31,574,249,22,3,48,14,26,140,85,70,41,43,7,17,5,45,2,5,11,15,6,4,2,1,"ТолстойЛН"
"446","ТолстойЛН_СмертИИ_2.txt",88,151,14,361,114,2,4,31,4,29,79,63,39,12,27,5,5,1,25,0,9,3,2,4,3,2,0,"ТолстойЛН"
"447","ТолстойЛН_ХаджМур_1.txt",116,84,40,332,156,40,1,48,7,4,93,28,55,32,22,9,2,3,7,1,2,1,2,1,9,6,4,"ТолстойЛН"
"448","ТолстойЛН_ХаджМур_2.txt",115,125,27,366,173,18,5,34,1,7,88,36,61,18,20,8,8,12,31,2,1,10,5,6,7,0,1,"ТолстойЛН"
"449","ТолстойЛН_ХаджМур_3.txt",152,199,35,601,249,33,8,65,16,29,164,55,107,42,28,12,6,6,52,9,4,8,7,5,9,7,2,"ТолстойЛН"
"450","ТолстойЛН_ХаджМур_4.txt",152,150,68,608,272,59,9,49,10,22,185,79,104,52,32,13,13,2,19,4,5,12,7,9,18,7,4,"ТолстойЛН"
"451","ТолстойЛН_Юность_1.txt",125,123,23,352,194,22,7,30,6,8,88,39,48,37,20,8,13,10,12,6,2,3,6,3,3,1,3,"ТолстойЛН"
"452","ТолстойЛН_Юность_2.txt",188,220,42,434,207,30,12,39,13,14,117,76,68,38,20,7,13,5,24,11,3,15,10,8,8,4,0,"ТолстойЛН"
"453","ТолстойЛН_Юность_3.txt",137,180,28,363,175,20,14,40,7,19,96,75,58,26,17,2,5,24,38,8,3,6,4,6,6,2,1,"ТолстойЛН"
"454","ТолстойЛН_Юность_4.txt",193,191,30,513,262,29,16,44,15,35,130,61,60,40,32,7,17,12,40,10,13,17,5,8,3,1,0,"ТолстойЛН"
"455","ТолстойЛН_Юность_5.txt",144,203,26,439,227,24,11,24,13,12,126,76,54,23,31,3,18,17,34,7,5,7,12,5,5,1,0,"ТолстойЛН"
"456","ТолстойЛН_Юность_6.txt",134,170,24,402,226,27,4,28,14,25,133,71,69,23,24,8,16,10,20,12,9,6,7,1,2,1,0,"ТолстойЛН"
